<?xml version="1.0" encoding="UTF-8"?>
<beans xmlns="http://www.springframework.org/schema/beans"
	xmlns:xsi="http://www.w3.org/2001/XMLSchema-instance"
	xsi:schemaLocation="
http://www.springframework.org/schema/beans
http://www.springframework.org/schema/beans/spring-beans-3.0.xsd">

	<bean id="dataSource"
		class="org.springframework.jdbc.datasource.DriverManagerDataSource">

		<property name="driverClassName" value="com.mysql.jdbc.Driver" />
		<property name="url" value="jdbc:mysql://localhost:3306/dsnews_content" />
		<property name="username" value="jesus" />
		<property name="password" value="hijodedios" />
	</bean>


	<bean id="DAOUser" class="dao.DAOUserImpl">
		<property name="dataSource" ref="dataSource" />
	</bean>
	
	<bean id="DAOArticle" class="dao.DAOArticleImpl">
		<property name="dataSource" ref="dataSource" />
	</bean>
	
	<bean id="DAORss" class="dao.DAORssImpl">
		<property name="dataSource" ref="dataSource" />
	</bean>
	
	<bean id="DAOArticleRss" class="dao.DAOArticleRssImpl">
		<property name="dataSource" ref="dataSource" />
	</bean>
	
	<bean id="DAOSection" class="dao.DAOSectionImpl">
		<property name="dataSource" ref="dataSource" />
	</bean>
	
	<bean id="DAONewspaper" class="dao.DAONewspaperImpl">
		<property name="dataSource" ref="dataSource" />
	</bean>
	
	
	<bean id="DAOListadoIndex" class="dao.DAOListadoIndexImpl">
		<property name="dataSource" ref="dataSource" />
	</bean>
	
	
</beans>